Season,YOS,Min Salary,Max Salary
2034-35,0 YOS,3001363.0,91162500.0
2034-35,1 YOS,4830247.0,91162500.0
2034-35,2 YOS,5414500.0,91162500.0
2034-35,3 YOS,5414500.0,91162500.0
2034-35,4 YOS,5414500.0,91162500.0
2034-35,5 YOS,5414500.0,91162500.0
2034-35,6 YOS,5414500.0,91162500.0
2034-35,7 YOS,5414500.0,109395000.0
2034-35,8 YOS,5414500.0,109395000.0
2034-35,9 YOS,5414500.0,109395000.0
2034-35,10 YOS,8569153.0,127627500.0
2034-35,11 YOS,8569153.0,127627500.0
2034-35,12 YOS,8569153.0,127627500.0
2034-35,13 YOS,8569153.0,127627500.0
2034-35,14 YOS,8569153.0,127627500.0
2034-35,15 YOS,8569153.0,127627500.0
2034-35,16 YOS,8569153.0,127627500.0
2034-35,17 YOS,8569153.0,127627500.0
2034-35,18 YOS,8569153.0,127627500.0
2034-35,19 YOS,8569153.0,127627500.0
2034-35,20 YOS,8569153.0,127627500.0
2034-35,21 YOS,8569153.0,127627500.0
2034-35,22 YOS,8569153.0,127627500.0
2033-34,0 YOS,2728512.0,82875000.0
2033-34,1 YOS,4391134.0,82875000.0
2033-34,2 YOS,4922273.0,82875000.0
2033-34,3 YOS,4922273.0,82875000.0
2033-34,4 YOS,4922273.0,82875000.0
2033-34,5 YOS,4922273.0,82875000.0
2033-34,6 YOS,4922273.0,82875000.0
2033-34,7 YOS,4922273.0,99450000.0
2033-34,8 YOS,4922273.0,99450000.0
2033-34,9 YOS,4922273.0,99450000.0
2033-34,10 YOS,7790139.0,116025000.0
2033-34,11 YOS,7790139.0,116025000.0
2033-34,12 YOS,7790139.0,116025000.0
2033-34,13 YOS,7790139.0,116025000.0
2033-34,14 YOS,7790139.0,116025000.0
2033-34,15 YOS,7790139.0,116025000.0
2033-34,16 YOS,7790139.0,116025000.0
2033-34,17 YOS,7790139.0,116025000.0
2033-34,18 YOS,7790139.0,116025000.0
2033-34,19 YOS,7790139.0,116025000.0
2033-34,20 YOS,7790139.0,116025000.0
2033-34,21 YOS,7790139.0,116025000.0
2033-34,22 YOS,7790139.0,116025000.0
2032-33,0 YOS,2480468.0,75341000.0
2032-33,1 YOS,3991945.0,75341000.0
2032-33,2 YOS,4474799.0,75341000.0
2032-33,3 YOS,4474799.0,75341000.0
2032-33,4 YOS,4474799.0,75341000.0
2032-33,5 YOS,4474799.0,75341000.0
2032-33,6 YOS,4474799.0,75341000.0
2032-33,7 YOS,4474799.0,90409200.0
2032-33,8 YOS,4474799.0,90409200.0
2032-33,9 YOS,4474799.0,90409200.0
2032-33,10 YOS,7081953.0,105477400.0
2032-33,11 YOS,7081953.0,105477400.0
2032-33,12 YOS,7081953.0,105477400.0
2032-33,13 YOS,7081953.0,105477400.0
2032-33,14 YOS,7081953.0,105477400.0
2032-33,15 YOS,7081953.0,105477400.0
2032-33,16 YOS,7081953.0,105477400.0
2032-33,17 YOS,7081953.0,105477400.0
2032-33,18 YOS,7081953.0,105477400.0
2032-33,19 YOS,7081953.0,105477400.0
2032-33,20 YOS,7081953.0,105477400.0
2032-33,21 YOS,7081953.0,105477400.0
2032-33,22 YOS,7081953.0,105477400.0
2031-32,0 YOS,2254969.0,68491750.0
2031-32,1 YOS,3629037.0,68491750.0
2031-32,2 YOS,4067995.0,68491750.0
2031-32,3 YOS,4067995.0,68491750.0
2031-32,4 YOS,4067995.0,68491750.0
2031-32,5 YOS,4067995.0,68491750.0
2031-32,6 YOS,4067995.0,68491750.0
2031-32,7 YOS,4067995.0,82190100.0
2031-32,8 YOS,4067995.0,82190100.0
2031-32,9 YOS,4067995.0,82190100.0
2031-32,10 YOS,6438133.0,95888450.0
2031-32,11 YOS,6438133.0,95888450.0
2031-32,12 YOS,6438133.0,95888450.0
2031-32,13 YOS,6438133.0,95888450.0
2031-32,14 YOS,6438133.0,95888450.0
2031-32,15 YOS,6438133.0,95888450.0
2031-32,16 YOS,6438133.0,95888450.0
2031-32,17 YOS,6438133.0,95888450.0
2031-32,18 YOS,6438133.0,95888450.0
2031-32,19 YOS,6438133.0,95888450.0
2031-32,20 YOS,6438133.0,95888450.0
2031-32,21 YOS,6438133.0,95888450.0
2031-32,22 YOS,6438133.0,95888450.0
2030-31,0 YOS,2049973.0,62265250.0
2030-31,1 YOS,3299126.0,62265250.0
2030-31,2 YOS,3698179.0,62265250.0
2030-31,3 YOS,3698179.0,62265250.0
2030-31,4 YOS,3698179.0,62265250.0
2030-31,5 YOS,3698179.0,62265250.0
2030-31,6 YOS,3698179.0,62265250.0
2030-31,7 YOS,3698179.0,74718300.0
2030-31,8 YOS,3698179.0,74718300.0
2030-31,9 YOS,3698179.0,74718300.0
2030-31,10 YOS,5852850.0,87171350.0
2030-31,11 YOS,5852850.0,87171350.0
2030-31,12 YOS,5852850.0,87171350.0
2030-31,13 YOS,5852850.0,87171350.0
2030-31,14 YOS,5852850.0,87171350.0
2030-31,15 YOS,5852850.0,87171350.0
2030-31,16 YOS,5852850.0,87171350.0
2030-31,17 YOS,5852850.0,87171350.0
2030-31,18 YOS,5852850.0,87171350.0
2030-31,19 YOS,5852850.0,87171350.0
2030-31,20 YOS,5852850.0,87171350.0
2030-31,21 YOS,5852850.0,87171350.0
2030-31,22 YOS,5852850.0,87171350.0
2029-30,0 YOS,1863611.0,56604750.0
2029-30,1 YOS,2999204.0,56604750.0
2029-30,2 YOS,3361980.0,56604750.0
2029-30,3 YOS,3361980.0,56604750.0
2029-30,4 YOS,3361980.0,56604750.0
2029-30,5 YOS,3361980.0,56604750.0
2029-30,6 YOS,3361980.0,56604750.0
2029-30,7 YOS,3361980.0,67925700.0
2029-30,8 YOS,3361980.0,67925700.0
2029-30,9 YOS,3361980.0,67925700.0
2029-30,10 YOS,5320771.0,79246650.0
2029-30,11 YOS,5320771.0,79246650.0
2029-30,12 YOS,5320771.0,79246650.0
2029-30,13 YOS,5320771.0,79246650.0
2029-30,14 YOS,5320771.0,79246650.0
2029-30,15 YOS,5320771.0,79246650.0
2029-30,16 YOS,5320771.0,79246650.0
2029-30,17 YOS,5320771.0,79246650.0
2029-30,18 YOS,5320771.0,79246650.0
2029-30,19 YOS,5320771.0,79246650.0
2029-30,20 YOS,5320771.0,79246650.0
2029-30,21 YOS,5320771.0,79246650.0
2029-30,22 YOS,5320771.0,79246650.0
2028-29,0 YOS,1694188.0,51458750.0
2028-29,1 YOS,2726543.0,51458750.0
2028-29,2 YOS,3056339.0,51458750.0
2028-29,3 YOS,3056339.0,51458750.0
2028-29,4 YOS,3056339.0,51458750.0
2028-29,5 YOS,3056339.0,51458750.0
2028-29,6 YOS,3056339.0,51458750.0
2028-29,7 YOS,3056339.0,61750500.0
2028-29,8 YOS,3056339.0,61750500.0
2028-29,9 YOS,3056339.0,61750500.0
2028-29,10 YOS,4837054.0,72042250.0
2028-29,11 YOS,4837054.0,72042250.0
2028-29,12 YOS,4837054.0,72042250.0
2028-29,13 YOS,4837054.0,72042250.0
2028-29,14 YOS,4837054.0,72042250.0
2028-29,15 YOS,4837054.0,72042250.0
2028-29,16 YOS,4837054.0,72042250.0
2028-29,17 YOS,4837054.0,72042250.0
2028-29,18 YOS,4837054.0,72042250.0
2028-29,19 YOS,4837054.0,72042250.0
2028-29,20 YOS,4837054.0,72042250.0
2028-29,21 YOS,4837054.0,72042250.0
2028-29,22 YOS,4837054.0,72042250.0
2027-28,0 YOS,1540173.0,46780750.0
2027-28,1 YOS,2478679.0,46780750.0
2027-28,2 YOS,2778494.0,46780750.0
2027-28,3 YOS,2778494.0,46780750.0
2027-28,4 YOS,2778494.0,46780750.0
2027-28,5 YOS,2778494.0,46780750.0
2027-28,6 YOS,2778494.0,46780750.0
2027-28,7 YOS,2778494.0,56136900.0
2027-28,8 YOS,2778494.0,56136900.0
2027-28,9 YOS,2778494.0,56136900.0
2027-28,10 YOS,4397328.0,65493050.0
2027-28,11 YOS,4397328.0,65493050.0
2027-28,12 YOS,4397328.0,65493050.0
2027-28,13 YOS,4397328.0,65493050.0
2027-28,14 YOS,4397328.0,65493050.0
2027-28,15 YOS,4397328.0,65493050.0
2027-28,16 YOS,4397328.0,65493050.0
2027-28,17 YOS,4397328.0,65493050.0
2027-28,18 YOS,4397328.0,65493050.0
2027-28,19 YOS,4397328.0,65493050.0
2027-28,20 YOS,4397328.0,65493050.0
2027-28,21 YOS,4397328.0,65493050.0
2027-28,22 YOS,4397328.0,65493050.0
2026-27,0 YOS,1400159.0,42528000.0
2026-27,1 YOS,2253347.0,42528000.0
2026-27,2 YOS,2525906.0,42528000.0
2026-27,3 YOS,2525906.0,42528000.0
2026-27,4 YOS,2525906.0,42528000.0
2026-27,5 YOS,2525906.0,42528000.0
2026-27,6 YOS,2525906.0,42528000.0
2026-27,7 YOS,2525906.0,51033600.0
2026-27,8 YOS,2525906.0,51033600.0
2026-27,9 YOS,2525906.0,51033600.0
2026-27,10 YOS,3997575.0,59539200.0
2026-27,11 YOS,3997575.0,59539200.0
2026-27,12 YOS,3997575.0,59539200.0
2026-27,13 YOS,3997575.0,59539200.0
2026-27,14 YOS,3997575.0,59539200.0
2026-27,15 YOS,3997575.0,59539200.0
2026-27,16 YOS,3997575.0,59539200.0
2026-27,17 YOS,3997575.0,59539200.0
2026-27,18 YOS,3997575.0,59539200.0
2026-27,19 YOS,3997575.0,59539200.0
2026-27,20 YOS,3997575.0,59539200.0
2026-27,21 YOS,3997575.0,59539200.0
2026-27,22 YOS,3997575.0,59539200.0
2025-26,0 YOS,1272870.0,38661750.0
2025-26,1 YOS,2048494.0,38661750.0
2025-26,2 YOS,2296274.0,38661750.0
2025-26,3 YOS,2296274.0,38661750.0
2025-26,4 YOS,2296274.0,38661750.0
2025-26,5 YOS,2296274.0,38661750.0
2025-26,6 YOS,2296274.0,38661750.0
2025-26,7 YOS,2296274.0,46394100.0
2025-26,8 YOS,2296274.0,46394100.0
2025-26,9 YOS,2296274.0,46394100.0
2025-26,10 YOS,3634153.0,54126450.0
2025-26,11 YOS,3634153.0,54126450.0
2025-26,12 YOS,3634153.0,54126450.0
2025-26,13 YOS,3634153.0,54126450.0
2025-26,14 YOS,3634153.0,54126450.0
2025-26,15 YOS,3634153.0,54126450.0
2025-26,16 YOS,3634153.0,54126450.0
2025-26,17 YOS,3634153.0,54126450.0
2025-26,18 YOS,3634153.0,54126450.0
2025-26,19 YOS,3634153.0,54126450.0
2025-26,20 YOS,3634153.0,54126450.0
2025-26,21 YOS,3634153.0,54126450.0
2025-26,22 YOS,3634153.0,54126450.0
2024-25,0 YOS,1157153.0,35147000.0
2024-25,1 YOS,1862265.0,35147000.0
2024-25,2 YOS,2087519.0,35147000.0
2024-25,3 YOS,2087519.0,35147000.0
2024-25,4 YOS,2087519.0,35147000.0
2024-25,5 YOS,2087519.0,35147000.0
2024-25,6 YOS,2087519.0,35147000.0
2024-25,7 YOS,2087519.0,42176400.0
2024-25,8 YOS,2087519.0,42176400.0
2024-25,9 YOS,2087519.0,42176400.0
2024-25,10 YOS,3303771.0,49205800.0
2024-25,11 YOS,3303771.0,49205800.0
2024-25,12 YOS,3303771.0,49205800.0
2024-25,13 YOS,3303771.0,49205800.0
2024-25,14 YOS,3303771.0,49205800.0
2024-25,15 YOS,3303771.0,49205800.0
2024-25,16 YOS,3303771.0,49205800.0
2024-25,17 YOS,3303771.0,49205800.0
2024-25,18 YOS,3303771.0,49205800.0
2024-25,19 YOS,3303771.0,49205800.0
2024-25,20 YOS,3303771.0,49205800.0
2024-25,21 YOS,3303771.0,49205800.0
2024-25,22 YOS,3303771.0,49205800.0
2023-24,0 YOS,1119563.0,34005250.0
2023-24,1 YOS,1801769.0,34005250.0
2023-24,2 YOS,2019706.0,34005250.0
2023-24,3 YOS,2019706.0,34005250.0
2023-24,4 YOS,2019706.0,34005250.0
2023-24,5 YOS,2019706.0,34005250.0
2023-24,6 YOS,2019706.0,34005250.0
2023-24,7 YOS,2019706.0,40806300.0
2023-24,8 YOS,2019706.0,40806300.0
2023-24,9 YOS,2019706.0,40806300.0
2023-24,10 YOS,3196448.0,47607350.0
2023-24,11 YOS,3196448.0,47607350.0
2023-24,12 YOS,3196448.0,47607350.0
2023-24,13 YOS,3196448.0,47607350.0
2023-24,14 YOS,3196448.0,47607350.0
2023-24,15 YOS,3196448.0,47607350.0
2023-24,16 YOS,3196448.0,47607350.0
2023-24,17 YOS,3196448.0,47607350.0
2023-24,18 YOS,3196448.0,47607350.0
2023-24,19 YOS,3196448.0,47607350.0
2023-24,20 YOS,3196448.0,47607350.0
2023-24,21 YOS,3196448.0,47607350.0
2023-24,22 YOS,3196448.0,47607350.0
2022-23,0 YOS,1017781.0,30913750.0
2022-23,1 YOS,1637966.0,30913750.0
2022-23,2 YOS,1836090.0,30913750.0
2022-23,3 YOS,1836090.0,30913750.0
2022-23,4 YOS,1836090.0,30913750.0
2022-23,5 YOS,1836090.0,30913750.0
2022-23,6 YOS,1836090.0,30913750.0
2022-23,7 YOS,1836090.0,37096500.0
2022-23,8 YOS,1836090.0,37096500.0
2022-23,9 YOS,1836090.0,37096500.0
2022-23,10 YOS,2905851.0,43279250.0
2022-23,11 YOS,2905851.0,43279250.0
2022-23,12 YOS,2905851.0,43279250.0
2022-23,13 YOS,2905851.0,43279250.0
2022-23,14 YOS,2905851.0,43279250.0
2022-23,15 YOS,2905851.0,43279250.0
2022-23,16 YOS,2905851.0,43279250.0
2022-23,17 YOS,2905851.0,43279250.0
2022-23,18 YOS,2905851.0,43279250.0
2022-23,19 YOS,2905851.0,43279250.0
2022-23,20 YOS,2905851.0,43279250.0
2022-23,21 YOS,2905851.0,43279250.0
2022-23,22 YOS,2905851.0,43279250.0
2021-22,0 YOS,925258.0,28103500.0
2021-22,1 YOS,1489065.0,28103500.0
2021-22,2 YOS,1669178.0,28103500.0
2021-22,3 YOS,1669178.0,28103500.0
2021-22,4 YOS,1669178.0,28103500.0
2021-22,5 YOS,1669178.0,28103500.0
2021-22,6 YOS,1669178.0,28103500.0
2021-22,7 YOS,1669178.0,33724200.0
2021-22,8 YOS,1669178.0,33724200.0
2021-22,9 YOS,1669178.0,33724200.0
2021-22,10 YOS,2641691.0,39344900.0
2021-22,11 YOS,2641691.0,39344900.0
2021-22,12 YOS,2641691.0,39344900.0
2021-22,13 YOS,2641691.0,39344900.0
2021-22,14 YOS,2641691.0,39344900.0
2021-22,15 YOS,2641691.0,39344900.0
2021-22,16 YOS,2641691.0,39344900.0
2021-22,17 YOS,2641691.0,39344900.0
2021-22,18 YOS,2641691.0,39344900.0
2021-22,19 YOS,2641691.0,39344900.0
2021-22,20 YOS,2641691.0,39344900.0
2021-22,21 YOS,2641691.0,39344900.0
2021-22,22 YOS,2641691.0,39344900.0
2020-21,0 YOS,898310.0,27285000.0
2020-21,1 YOS,1445697.0,27285000.0
2020-21,2 YOS,1620564.0,27285000.0
2020-21,3 YOS,1620564.0,27285000.0
2020-21,4 YOS,1620564.0,27285000.0
2020-21,5 YOS,1620564.0,27285000.0
2020-21,6 YOS,1620564.0,27285000.0
2020-21,7 YOS,1620564.0,32742000.0
2020-21,8 YOS,1620564.0,32742000.0
2020-21,9 YOS,1620564.0,32742000.0
2020-21,10 YOS,2564753.0,38199000.0
2020-21,11 YOS,2564753.0,38199000.0
2020-21,12 YOS,2564753.0,38199000.0
2020-21,13 YOS,2564753.0,38199000.0
2020-21,14 YOS,2564753.0,38199000.0
2020-21,15 YOS,2564753.0,38199000.0
2020-21,16 YOS,2564753.0,38199000.0
2020-21,17 YOS,2564753.0,38199000.0
2020-21,18 YOS,2564753.0,38199000.0
2020-21,19 YOS,2564753.0,38199000.0
2020-21,20 YOS,2564753.0,38199000.0
2020-21,21 YOS,2564753.0,38199000.0
2020-21,22 YOS,2564753.0,38199000.0
2019-20,0 YOS,898310.0,27285000.0
2019-20,1 YOS,1445697.0,27285000.0
2019-20,2 YOS,1620564.0,27285000.0
2019-20,3 YOS,1620564.0,27285000.0
2019-20,4 YOS,1620564.0,27285000.0
2019-20,5 YOS,1620564.0,27285000.0
2019-20,6 YOS,1620564.0,27285000.0
2019-20,7 YOS,1620564.0,32742000.0
2019-20,8 YOS,1620564.0,32742000.0
2019-20,9 YOS,1620564.0,32742000.0
2019-20,10 YOS,2564753.0,38199000.0
2019-20,11 YOS,2564753.0,38199000.0
2019-20,12 YOS,2564753.0,38199000.0
2019-20,13 YOS,2564753.0,38199000.0
2019-20,14 YOS,2564753.0,38199000.0
2019-20,15 YOS,2564753.0,38199000.0
2019-20,16 YOS,2564753.0,38199000.0
2019-20,17 YOS,2564753.0,38199000.0
2019-20,18 YOS,2564753.0,38199000.0
2019-20,19 YOS,2564753.0,38199000.0
2019-20,20 YOS,2564753.0,38199000.0
2019-20,21 YOS,2564753.0,38199000.0
2019-20,22 YOS,2564753.0,38199000.0
2018-19,0 YOS,838464.0,25467250.0
2018-19,1 YOS,1349383.0,25467250.0
2018-19,2 YOS,1512601.0,25467250.0
2018-19,3 YOS,1512601.0,25467250.0
2018-19,4 YOS,1512601.0,25467250.0
2018-19,5 YOS,1512601.0,25467250.0
2018-19,6 YOS,1512601.0,25467250.0
2018-19,7 YOS,1512601.0,30560700.0
2018-19,8 YOS,1512601.0,30560700.0
2018-19,9 YOS,1512601.0,30560700.0
2018-19,10 YOS,2393887.0,35654150.0
2018-19,11 YOS,2393887.0,35654150.0
2018-19,12 YOS,2393887.0,35654150.0
2018-19,13 YOS,2393887.0,35654150.0
2018-19,14 YOS,2393887.0,35654150.0
2018-19,15 YOS,2393887.0,35654150.0
2018-19,16 YOS,2393887.0,35654150.0
2018-19,17 YOS,2393887.0,35654150.0
2018-19,18 YOS,2393887.0,35654150.0
2018-19,19 YOS,2393887.0,35654150.0
2018-19,20 YOS,2393887.0,35654150.0
2018-19,21 YOS,2393887.0,35654150.0
2018-19,22 YOS,2393887.0,35654150.0
2017-18,0 YOS,815615.0,24773250.0
2017-18,1 YOS,1312611.0,24773250.0
2017-18,2 YOS,1471382.0,24773250.0
2017-18,3 YOS,1471382.0,24773250.0
2017-18,4 YOS,1471382.0,24773250.0
2017-18,5 YOS,1471382.0,24773250.0
2017-18,6 YOS,1471382.0,24773250.0
2017-18,7 YOS,1471382.0,29727900.0
2017-18,8 YOS,1471382.0,29727900.0
2017-18,9 YOS,1471382.0,29727900.0
2017-18,10 YOS,2328652.0,34682550.0
2017-18,11 YOS,2328652.0,34682550.0
2017-18,12 YOS,2328652.0,34682550.0
2017-18,13 YOS,2328652.0,34682550.0
2017-18,14 YOS,2328652.0,34682550.0
2017-18,15 YOS,2328652.0,34682550.0
2017-18,16 YOS,2328652.0,34682550.0
2017-18,17 YOS,2328652.0,34682550.0
2017-18,18 YOS,2328652.0,34682550.0
2017-18,19 YOS,2328652.0,34682550.0
2017-18,20 YOS,2328652.0,34682550.0
2017-18,21 YOS,2328652.0,34682550.0
2017-18,22 YOS,2328652.0,34682550.0
2016-17,0 YOS,543471.0,22116750.0
2016-17,1 YOS,874636.0,22116750.0
2016-17,2 YOS,980431.0,22116750.0
2016-17,3 YOS,980431.0,22116750.0
2016-17,4 YOS,980431.0,22116750.0
2016-17,5 YOS,980431.0,22116750.0
2016-17,6 YOS,980431.0,22116750.0
2016-17,7 YOS,980431.0,26540100.0
2016-17,8 YOS,980431.0,26540100.0
2016-17,9 YOS,980431.0,26540100.0
2016-17,10 YOS,1551659.0,30963450.0
2016-17,11 YOS,1551659.0,30963450.0
2016-17,12 YOS,1551659.0,30963450.0
2016-17,13 YOS,1551659.0,30963450.0
2016-17,14 YOS,1551659.0,30963450.0
2016-17,15 YOS,1551659.0,30963450.0
2016-17,16 YOS,1551659.0,30963450.0
2016-17,17 YOS,1551659.0,30963450.0
2016-17,18 YOS,1551659.0,30963450.0
2016-17,19 YOS,1551659.0,30963450.0
2016-17,20 YOS,1551659.0,30963450.0
2016-17,21 YOS,1551659.0,30963450.0
2016-17,22 YOS,1551659.0,30963450.0
2015-16,0 YOS,525093.0,16407500.0
2015-16,1 YOS,845059.0,16407500.0
2015-16,2 YOS,947276.0,16407500.0
2015-16,3 YOS,947276.0,16407500.0
2015-16,4 YOS,947276.0,16407500.0
2015-16,5 YOS,947276.0,16407500.0
2015-16,6 YOS,947276.0,16407500.0
2015-16,7 YOS,947276.0,19689000.0
2015-16,8 YOS,947276.0,19689000.0
2015-16,9 YOS,947276.0,19689000.0
2015-16,10 YOS,1499187.0,22970500.0
2015-16,11 YOS,1499187.0,22970500.0
2015-16,12 YOS,1499187.0,22970500.0
2015-16,13 YOS,1499187.0,22970500.0
2015-16,14 YOS,1499187.0,22970500.0
2015-16,15 YOS,1499187.0,22970500.0
2015-16,16 YOS,1499187.0,22970500.0
2015-16,17 YOS,1499187.0,22970500.0
2015-16,18 YOS,1499187.0,22970500.0
2015-16,19 YOS,1499187.0,22970500.0
2015-16,20 YOS,1499187.0,22970500.0
2015-16,21 YOS,1499187.0,22970500.0
2015-16,22 YOS,1499187.0,22970500.0
2014-15,0 YOS,507336.0,14746000.0
2014-15,1 YOS,816482.0,14746000.0
2014-15,2 YOS,915243.0,14746000.0
2014-15,3 YOS,915243.0,14746000.0
2014-15,4 YOS,915243.0,14746000.0
2014-15,5 YOS,915243.0,14746000.0
2014-15,6 YOS,915243.0,14746000.0
2014-15,7 YOS,915243.0,17695200.0
2014-15,8 YOS,915243.0,17695200.0
2014-15,9 YOS,915243.0,17695200.0
2014-15,10 YOS,1448490.0,20644400.0
2014-15,11 YOS,1448490.0,20644400.0
2014-15,12 YOS,1448490.0,20644400.0
2014-15,13 YOS,1448490.0,20644400.0
2014-15,14 YOS,1448490.0,20644400.0
2014-15,15 YOS,1448490.0,20644400.0
2014-15,16 YOS,1448490.0,20644400.0
2014-15,17 YOS,1448490.0,20644400.0
2014-15,18 YOS,1448490.0,20644400.0
2014-15,19 YOS,1448490.0,20644400.0
2014-15,20 YOS,1448490.0,20644400.0
2014-15,21 YOS,1448490.0,20644400.0
2014-15,22 YOS,1448490.0,20644400.0
2013-14,0 YOS,490180.0,13701250.0
2013-14,1 YOS,788872.0,13701250.0
2013-14,2 YOS,884293.0,13701250.0
2013-14,3 YOS,884293.0,13701250.0
2013-14,4 YOS,884293.0,13701250.0
2013-14,5 YOS,884293.0,13701250.0
2013-14,6 YOS,884293.0,13701250.0
2013-14,7 YOS,884293.0,16441500.0
2013-14,8 YOS,884293.0,16441500.0
2013-14,9 YOS,884293.0,16441500.0
2013-14,10 YOS,1399507.0,19181750.0
2013-14,11 YOS,1399507.0,19181750.0
2013-14,12 YOS,1399507.0,19181750.0
2013-14,13 YOS,1399507.0,19181750.0
2013-14,14 YOS,1399507.0,19181750.0
2013-14,15 YOS,1399507.0,19181750.0
2013-14,16 YOS,1399507.0,19181750.0
2013-14,17 YOS,1399507.0,19181750.0
2013-14,18 YOS,1399507.0,19181750.0
2013-14,19 YOS,1399507.0,19181750.0
2013-14,20 YOS,1399507.0,19181750.0
2013-14,21 YOS,1399507.0,19181750.0
2013-14,22 YOS,1399507.0,19181750.0
2012-13,0 YOS,473604.0,13668750.0
2012-13,1 YOS,762195.0,13668750.0
2012-13,2 YOS,854389.0,13668750.0
2012-13,3 YOS,854389.0,13668750.0
2012-13,4 YOS,854389.0,13668750.0
2012-13,5 YOS,854389.0,13668750.0
2012-13,6 YOS,854389.0,13668750.0
2012-13,7 YOS,854389.0,16402500.0
2012-13,8 YOS,854389.0,16402500.0
2012-13,9 YOS,854389.0,16402500.0
2012-13,10 YOS,1352181.0,19136250.0
2012-13,11 YOS,1352181.0,19136250.0
2012-13,12 YOS,1352181.0,19136250.0
2012-13,13 YOS,1352181.0,19136250.0
2012-13,14 YOS,1352181.0,19136250.0
2012-13,15 YOS,1352181.0,19136250.0
2012-13,16 YOS,1352181.0,19136250.0
2012-13,17 YOS,1352181.0,19136250.0
2012-13,18 YOS,1352181.0,19136250.0
2012-13,19 YOS,1352181.0,19136250.0
2012-13,20 YOS,1352181.0,19136250.0
2012-13,21 YOS,1352181.0,19136250.0
2012-13,22 YOS,1352181.0,19136250.0
2011-12,0 YOS,473604.0,12922194.0
2011-12,1 YOS,762195.0,12922194.0
2011-12,2 YOS,854389.0,12922194.0
2011-12,3 YOS,854389.0,12922194.0
2011-12,4 YOS,854389.0,12922194.0
2011-12,5 YOS,854389.0,12922194.0
2011-12,6 YOS,854389.0,12922194.0
2011-12,7 YOS,854389.0,15506632.0
2011-12,8 YOS,854389.0,15506632.0
2011-12,9 YOS,854389.0,15506632.0
2011-12,10 YOS,1352181.0,18091071.0
2011-12,11 YOS,1352181.0,18091071.0
2011-12,12 YOS,1352181.0,18091071.0
2011-12,13 YOS,1352181.0,18091071.0
2011-12,14 YOS,1352181.0,18091071.0
2011-12,15 YOS,1352181.0,18091071.0
2011-12,16 YOS,1352181.0,18091071.0
2011-12,17 YOS,1352181.0,18091071.0
2011-12,18 YOS,1352181.0,18091071.0
2011-12,19 YOS,1352181.0,18091071.0
2011-12,20 YOS,1352181.0,18091071.0
2011-12,21 YOS,1352181.0,18091071.0
2011-12,22 YOS,1352181.0,18091071.0
2010-11,0 YOS,473604.0,13603750.0
2010-11,1 YOS,762195.0,13603750.0
2010-11,2 YOS,854389.0,13603750.0
2010-11,3 YOS,854389.0,13603750.0
2010-11,4 YOS,854389.0,13603750.0
2010-11,5 YOS,854389.0,13603750.0
2010-11,6 YOS,854389.0,13603750.0
2010-11,7 YOS,854389.0,16324500.0
2010-11,8 YOS,854389.0,16324500.0
2010-11,9 YOS,854389.0,16324500.0
2010-11,10 YOS,1352181.0,19045250.0
2010-11,11 YOS,1352181.0,19045250.0
2010-11,12 YOS,1352181.0,19045250.0
2010-11,13 YOS,1352181.0,19045250.0
2010-11,14 YOS,1352181.0,19045250.0
2010-11,15 YOS,1352181.0,19045250.0
2010-11,16 YOS,1352181.0,19045250.0
2010-11,17 YOS,1352181.0,19045250.0
2010-11,18 YOS,1352181.0,19045250.0
2010-11,19 YOS,1352181.0,19045250.0
2010-11,20 YOS,1352181.0,19045250.0
2010-11,21 YOS,1352181.0,19045250.0
2010-11,22 YOS,1352181.0,19045250.0
2009-10,0 YOS,457588.0,13520500.0
2009-10,1 YOS,736420.0,13520500.0
2009-10,2 YOS,825497.0,13520500.0
2009-10,3 YOS,825497.0,13520500.0
2009-10,4 YOS,825497.0,13520500.0
2009-10,5 YOS,825497.0,13520500.0
2009-10,6 YOS,825497.0,13520500.0
2009-10,7 YOS,825497.0,16224600.0
2009-10,8 YOS,825497.0,16224600.0
2009-10,9 YOS,825497.0,16224600.0
2009-10,10 YOS,1306455.0,18928700.0
2009-10,11 YOS,1306455.0,18928700.0
2009-10,12 YOS,1306455.0,18928700.0
2009-10,13 YOS,1306455.0,18928700.0
2009-10,14 YOS,1306455.0,18928700.0
2009-10,15 YOS,1306455.0,18928700.0
2009-10,16 YOS,1306455.0,18928700.0
2009-10,17 YOS,1306455.0,18928700.0
2009-10,18 YOS,1306455.0,18928700.0
2009-10,19 YOS,1306455.0,18928700.0
2009-10,20 YOS,1306455.0,18928700.0
2009-10,21 YOS,1306455.0,18928700.0
2009-10,22 YOS,1306455.0,18928700.0
2008-09,0 YOS,442114.0,13758000.0
2008-09,1 YOS,711517.0,13758000.0
2008-09,2 YOS,797581.0,13758000.0
2008-09,3 YOS,797581.0,13758000.0
2008-09,4 YOS,797581.0,13758000.0
2008-09,5 YOS,797581.0,13758000.0
2008-09,6 YOS,797581.0,13758000.0
2008-09,7 YOS,797581.0,16509600.0
2008-09,8 YOS,797581.0,16509600.0
2008-09,9 YOS,797581.0,16509600.0
2008-09,10 YOS,1262275.0,19261200.0
2008-09,11 YOS,1262275.0,19261200.0
2008-09,12 YOS,1262275.0,19261200.0
2008-09,13 YOS,1262275.0,19261200.0
2008-09,14 YOS,1262275.0,19261200.0
2008-09,15 YOS,1262275.0,19261200.0
2008-09,16 YOS,1262275.0,19261200.0
2008-09,17 YOS,1262275.0,19261200.0
2008-09,18 YOS,1262275.0,19261200.0
2008-09,19 YOS,1262275.0,19261200.0
2008-09,20 YOS,1262275.0,19261200.0
2008-09,21 YOS,1262275.0,19261200.0
2008-09,22 YOS,1262275.0,19261200.0
2007-08,0 YOS,427163.0,13041250.0
2007-08,1 YOS,687456.0,13041250.0
2007-08,2 YOS,770610.0,13041250.0
2007-08,3 YOS,770610.0,13041250.0
2007-08,4 YOS,770610.0,13041250.0
2007-08,5 YOS,770610.0,13041250.0
2007-08,6 YOS,770610.0,13041250.0
2007-08,7 YOS,770610.0,15649500.0
2007-08,8 YOS,770610.0,15649500.0
2007-08,9 YOS,770610.0,15649500.0
2007-08,10 YOS,1219590.0,18257750.0
2007-08,11 YOS,1219590.0,18257750.0
2007-08,12 YOS,1219590.0,18257750.0
2007-08,13 YOS,1219590.0,18257750.0
2007-08,14 YOS,1219590.0,18257750.0
2007-08,15 YOS,1219590.0,18257750.0
2007-08,16 YOS,1219590.0,18257750.0
2007-08,17 YOS,1219590.0,18257750.0
2007-08,18 YOS,1219590.0,18257750.0
2007-08,19 YOS,1219590.0,18257750.0
2007-08,20 YOS,1219590.0,18257750.0
2007-08,21 YOS,1219590.0,18257750.0
2007-08,22 YOS,1219590.0,18257750.0
2006-07,0 YOS,412718.0,12455000.0
2006-07,1 YOS,664209.0,12455000.0
2006-07,2 YOS,744551.0,12455000.0
2006-07,3 YOS,744551.0,12455000.0
2006-07,4 YOS,744551.0,12455000.0
2006-07,5 YOS,744551.0,12455000.0
2006-07,6 YOS,744551.0,12455000.0
2006-07,7 YOS,744551.0,14946000.0
2006-07,8 YOS,744551.0,14946000.0
2006-07,9 YOS,744551.0,14946000.0
2006-07,10 YOS,1178348.0,17437000.0
2006-07,11 YOS,1178348.0,17437000.0
2006-07,12 YOS,1178348.0,17437000.0
2006-07,13 YOS,1178348.0,17437000.0
2006-07,14 YOS,1178348.0,17437000.0
2006-07,15 YOS,1178348.0,17437000.0
2006-07,16 YOS,1178348.0,17437000.0
2006-07,17 YOS,1178348.0,17437000.0
2006-07,18 YOS,1178348.0,17437000.0
2006-07,19 YOS,1178348.0,17437000.0
2006-07,20 YOS,1178348.0,17437000.0
2006-07,21 YOS,1178348.0,17437000.0
2006-07,22 YOS,1178348.0,17437000.0
2005-06,0 YOS,398762.0,12000000.0
2005-06,1 YOS,641748.0,12000000.0
2005-06,2 YOS,719373.0,12000000.0
2005-06,3 YOS,719373.0,12000000.0
2005-06,4 YOS,719373.0,12000000.0
2005-06,5 YOS,719373.0,12000000.0
2005-06,6 YOS,719373.0,12000000.0
2005-06,7 YOS,719373.0,14400000.0
2005-06,8 YOS,719373.0,14400000.0
2005-06,9 YOS,719373.0,14400000.0
2005-06,10 YOS,1138500.0,16800000.0
2005-06,11 YOS,1138500.0,16800000.0
2005-06,12 YOS,1138500.0,16800000.0
2005-06,13 YOS,1138500.0,16800000.0
2005-06,14 YOS,1138500.0,16800000.0
2005-06,15 YOS,1138500.0,16800000.0
2005-06,16 YOS,1138500.0,16800000.0
2005-06,17 YOS,1138500.0,16800000.0
2005-06,18 YOS,1138500.0,16800000.0
2005-06,19 YOS,1138500.0,16800000.0
2005-06,20 YOS,1138500.0,16800000.0
2005-06,21 YOS,1138500.0,16800000.0
2005-06,22 YOS,1138500.0,16800000.0
2004-05,0 YOS,385277.0,10968000.0
2004-05,1 YOS,620046.0,10968000.0
2004-05,2 YOS,695046.0,10968000.0
2004-05,3 YOS,695046.0,10968000.0
2004-05,4 YOS,695046.0,10968000.0
2004-05,5 YOS,695046.0,10968000.0
2004-05,6 YOS,695046.0,10968000.0
2004-05,7 YOS,695046.0,13161000.0
2004-05,8 YOS,695046.0,13161000.0
2004-05,9 YOS,695046.0,13161000.0
2004-05,10 YOS,1100000.0,15355000.0
2004-05,11 YOS,1100000.0,15355000.0
2004-05,12 YOS,1100000.0,15355000.0
2004-05,13 YOS,1100000.0,15355000.0
2004-05,14 YOS,1100000.0,15355000.0
2004-05,15 YOS,1100000.0,15355000.0
2004-05,16 YOS,1100000.0,15355000.0
2004-05,17 YOS,1100000.0,15355000.0
2004-05,18 YOS,1100000.0,15355000.0
2004-05,19 YOS,1100000.0,15355000.0
2004-05,20 YOS,1100000.0,15355000.0
2004-05,21 YOS,1100000.0,15355000.0
2004-05,22 YOS,1100000.0,15355000.0
2003-04,0 YOS,366931.0,10960000.0
2003-04,1 YOS,563679.0,10960000.0
2003-04,2 YOS,638679.0,10960000.0
2003-04,3 YOS,638679.0,10960000.0
2003-04,4 YOS,638679.0,10960000.0
2003-04,5 YOS,638679.0,10960000.0
2003-04,6 YOS,638679.0,10960000.0
2003-04,7 YOS,638679.0,13152000.0
2003-04,8 YOS,638679.0,13152000.0
2003-04,9 YOS,638679.0,13152000.0
2003-04,10 YOS,1070000.0,15344000.0
2003-04,11 YOS,1070000.0,15344000.0
2003-04,12 YOS,1070000.0,15344000.0
2003-04,13 YOS,1070000.0,15344000.0
2003-04,14 YOS,1070000.0,15344000.0
2003-04,15 YOS,1070000.0,15344000.0
2003-04,16 YOS,1070000.0,15344000.0
2003-04,17 YOS,1070000.0,15344000.0
2003-04,18 YOS,1070000.0,15344000.0
2003-04,19 YOS,1070000.0,15344000.0
2003-04,20 YOS,1070000.0,15344000.0
2003-04,21 YOS,1070000.0,15344000.0
2003-04,22 YOS,1070000.0,15344000.0
2002-03,0 YOS,349458.0,10067750.0
2002-03,1 YOS,512435.0,10067750.0
2002-03,2 YOS,587435.0,10067750.0
2002-03,3 YOS,587435.0,10067750.0
2002-03,4 YOS,587435.0,10067750.0
2002-03,5 YOS,587435.0,10067750.0
2002-03,6 YOS,587435.0,10067750.0
2002-03,7 YOS,587435.0,12081300.0
2002-03,8 YOS,587435.0,12081300.0
2002-03,9 YOS,587435.0,12081300.0
2002-03,10 YOS,1030000.0,14094850.0
2002-03,11 YOS,1030000.0,14094850.0
2002-03,12 YOS,1030000.0,14094850.0
2002-03,13 YOS,1030000.0,14094850.0
2002-03,14 YOS,1030000.0,14094850.0
2002-03,15 YOS,1030000.0,14094850.0
2002-03,16 YOS,1030000.0,14094850.0
2002-03,17 YOS,1030000.0,14094850.0
2002-03,18 YOS,1030000.0,14094850.0
2002-03,19 YOS,1030000.0,14094850.0
2002-03,20 YOS,1030000.0,14094850.0
2002-03,21 YOS,1030000.0,14094850.0
2002-03,22 YOS,1030000.0,14094850.0
2001-02,0 YOS,332817.0,10625000.0
2001-02,1 YOS,465850.0,10625000.0
2001-02,2 YOS,540850.0,10625000.0
2001-02,3 YOS,540850.0,10625000.0
2001-02,4 YOS,540850.0,10625000.0
2001-02,5 YOS,540850.0,10625000.0
2001-02,6 YOS,540850.0,10625000.0
2001-02,7 YOS,540850.0,12750000.0
2001-02,8 YOS,540850.0,12750000.0
2001-02,9 YOS,540850.0,12750000.0
2001-02,10 YOS,1000000.0,14875000.0
2001-02,11 YOS,1000000.0,14875000.0
2001-02,12 YOS,1000000.0,14875000.0
2001-02,13 YOS,1000000.0,14875000.0
2001-02,14 YOS,1000000.0,14875000.0
2001-02,15 YOS,1000000.0,14875000.0
2001-02,16 YOS,1000000.0,14875000.0
2001-02,17 YOS,1000000.0,14875000.0
2001-02,18 YOS,1000000.0,14875000.0
2001-02,19 YOS,1000000.0,14875000.0
2001-02,20 YOS,1000000.0,14875000.0
2001-02,21 YOS,1000000.0,14875000.0
2001-02,22 YOS,1000000.0,14875000.0
2000-01,0 YOS,316969.0,9658000.0
2000-01,1 YOS,423500.0,9658000.0
2000-01,2 YOS,498500.0,9658000.0
2000-01,3 YOS,498500.0,9658000.0
2000-01,4 YOS,498500.0,9658000.0
2000-01,5 YOS,498500.0,9658000.0
2000-01,6 YOS,498500.0,9658000.0
2000-01,7 YOS,498500.0,11589000.0
2000-01,8 YOS,498500.0,11589000.0
2000-01,9 YOS,498500.0,11589000.0
2000-01,10 YOS,1000000.0,14000000.0
2000-01,11 YOS,1000000.0,14000000.0
2000-01,12 YOS,1000000.0,14000000.0
2000-01,13 YOS,1000000.0,14000000.0
2000-01,14 YOS,1000000.0,14000000.0
2000-01,15 YOS,1000000.0,14000000.0
2000-01,16 YOS,1000000.0,14000000.0
2000-01,17 YOS,1000000.0,14000000.0
2000-01,18 YOS,1000000.0,14000000.0
2000-01,19 YOS,1000000.0,14000000.0
2000-01,20 YOS,1000000.0,14000000.0
2000-01,21 YOS,1000000.0,14000000.0
2000-01,22 YOS,1000000.0,14000000.0
